charge_code,route,mm_start,mm_end,description
58011,50,32.9,35.0,KAUMUALII HWY MISSLE RGE (N ENT) TO KEKAHA RD
58012,50,32.9,35.0,KAUMUALII HWY MISSLE RGE (N ENT) TO KEKAHA RD
58013,50,32.9,35.0,KAUMUALII HWY MISSLE RGE (N ENT) TO KEKAHA RD
58014,50,32.9,35.0,KAUMUALII HWY MISSLE RGE (N ENT) TO KEKAHA RD
58015,50,32.9,35.0,KAUMUALII HWY MISSLE RGE (N ENT) TO KEKAHA RD
58016,50,32.9,35.0,KAUMUALII HWY MISSLE RGE (N ENT) TO KEKAHA RD
58021,50,35.0,39.5,KAUMUALII HWY KEKAHA RD TO LELE RD (HANAPEPE)
58022,50,35.0,39.5,KAUMUALII HWY KEKAHA RD TO LELE RD (HANAPEPE)
58023,50,35.0,39.5,KAUMUALII HWY KEKAHA RD TO LELE RD (HANAPEPE)
58024,50,35.0,39.5,KAUMUALII HWY KEKAHA RD TO LELE RD (HANAPEPE)
58025,50,35.0,39.5,KAUMUALII HWY KEKAHA RD TO LELE RD (HANAPEPE)
58026,50,35.0,39.5,KAUMUALII HWY KEKAHA RD TO LELE RD (HANAPEPE)
58031,50,39.5,48.5,KAUMUALII HWY LELE TO KOLOA RD(NR LAWAI BR)
58032,50,39.5,48.5,KAUMUALII HWY LELE TO KOLOA RD(NR LAWAI BR)
58033,50,39.5,48.5,KAUMUALII HWY LELE TO KOLOA RD(NR LAWAI BR)
58034,50,39.5,48.5,KAUMUALII HWY LELE TO KOLOA RD(NR LAWAI BR)
58035,50,39.5,48.5,KAUMUALII HWY LELE TO KOLOA RD(NR LAWAI BR)
58036,50,39.5,48.5,KAUMUALII HWY LELE TO KOLOA RD(NR LAWAI BR)
58041,50,48.5,55.3,KAUMUALII HWY VIC KOLOA RD TO PUHI RD
58042,50,48.5,55.3,KAUMUALII HWY VIC KOLOA RD TO PUHI RD
58043,50,48.5,55.3,KAUMUALII HWY VIC KOLOA RD TO PUHI RD
58044,50,48.5,55.3,KAUMUALII HWY VIC KOLOA RD TO PUHI RD
58045,50,48.5,55.3,KAUMUALII HWY VIC KOLOA RD TO PUHI RD
58046,50,48.5,55.3,KAUMUALII HWY VIC KOLOA RD TO PUHI RD
58051,50,55.3,57.0,KAUMUALII HWY PUHI RD TO RICE ST(LIHUE)
58052,50,55.3,57.0,KAUMUALII HWY PUHI RD TO RICE ST(LIHUE)
58053,50,55.3,57.0,KAUMUALII HWY PUHI RD TO RICE ST(LIHUE)
58054,50,55.3,57.0,KAUMUALII HWY PUHI RD TO RICE ST(LIHUE)
58055,50,55.3,57.0,KAUMUALII HWY PUHI RD TO RICE ST(LIHUE)
58056,50,55.3,57.0,KAUMUALII HWY PUHI RD TO RICE ST(LIHUE)
58111,51,0.0,2.0,KAPULE HWY RICE ST TO AHUKINI RD
58112,51,0.0,2.0,KAPULE HWY RICE ST TO AHUKINI RD
58113,51,0.0,2.0,KAPULE HWY RICE ST TO AHUKINI RD
58114,51,0.0,2.0,KAPULE HWY RICE ST TO AHUKINI RD
58115,51,0.0,2.0,KAPULE HWY RICE ST TO AHUKINI RD
58116,51,0.0,2.0,KAPULE HWY RICE ST TO AHUKINI RD
58131,51,2.0,3.4,KAPULE HWY AHUKINI RD TO KUHIO HWY 1.5 MI
58132,51,2.0,3.4,KAPULE HWY AHUKINI RD TO KUHIO HWY 1.5 MI
58133,51,2.0,3.4,KAPULE HWY AHUKINI RD TO KUHIO HWY 1.5 MI
58134,51,2.0,3.4,KAPULE HWY AHUKINI RD TO KUHIO HWY 1.5 MI
58135,51,2.0,3.4,KAPULE HWY AHUKINI RD TO KUHIO HWY 1.5 MI
58136,51,2.0,3.4,KAPULE HWY AHUKINI RD TO KUHIO HWY 1.5 MI
58151,56,0.0,9.9,KUHIO HWY RICE ST(LIHUE) TO MAILIHUNA RD
58152,56,0.0,9.9,KUHIO HWY RICE ST(LIHUE) TO MAILIHUNA RD
58153,56,0.0,9.9,KUHIO HWY RICE ST(LIHUE) TO MAILIHUNA RD
58154,56,0.0,9.9,KUHIO HWY RICE ST(LIHUE) TO MAILIHUNA RD
58155,56,0.0,9.9,KUHIO HWY RICE ST(LIHUE) TO MAILIHUNA RD
58156,56,0.0,9.9,KUHIO HWY RICE ST(LIHUE) TO MAILIHUNA RD
58161,56,9.9,15.1,KUHIO HWY MAILIHUNA RD TO ANAHOLA RD
58162,56,9.9,15.1,KUHIO HWY MAILIHUNA RD TO ANAHOLA RD
58163,56,9.9,15.1,KUHIO HWY MAILIHUNA RD TO ANAHOLA RD
58164,56,9.9,15.1,KUHIO HWY MAILIHUNA RD TO ANAHOLA RD
58165,56,9.9,15.1,KUHIO HWY MAILIHUNA RD TO ANAHOLA RD
58166,56,9.9,15.1,KUHIO HWY MAILIHUNA RD TO ANAHOLA RD
58171,56,15.1,24.3,KUHIO HWY ANAHOLA RD TO KOLO RD(KILAUEA)
58172,56,15.1,24.3,KUHIO HWY ANAHOLA RD TO KOLO RD(KILAUEA)
58173,56,15.1,24.3,KUHIO HWY ANAHOLA RD TO KOLO RD(KILAUEA)
58174,56,15.1,24.3,KUHIO HWY ANAHOLA RD TO KOLO RD(KILAUEA)
58175,56,15.1,24.3,KUHIO HWY ANAHOLA RD TO KOLO RD(KILAUEA)
58176,56,15.1,24.3,KUHIO HWY ANAHOLA RD TO KOLO RD(KILAUEA)
58181,56,24.3,28.1,KUHIO HWY KOLO RD TO KA HAKU RD
58182,56,24.3,28.1,KUHIO HWY KOLO RD TO KA HAKU RD
58183,56,24.3,28.1,KUHIO HWY KOLO RD TO KA HAKU RD
58184,56,24.3,28.1,KUHIO HWY KOLO RD TO KA HAKU RD
58185,56,24.3,28.1,KUHIO HWY KOLO RD TO KA HAKU RD
58186,56,24.3,28.1,KUHIO HWY KOLO RD TO KA HAKU RD
58101,58,0.0,2.1,WAAPA RD/RICE ST NAWILIWILI RD TO KAPULE HWY
58102,58,0.0,2.1,WAAPA RD/RICE ST NAWILIWILI RD TO KAPULE HWY
58103,58,0.0,2.1,WAAPA RD/RICE ST NAWILIWILI RD TO KAPULE HWY
58104,58,0.0,2.1,WAAPA RD/RICE ST NAWILIWILI RD TO KAPULE HWY
58105,58,0.0,2.1,WAAPA RD/RICE ST NAWILIWILI RD TO KAPULE HWY
58106,58,0.0,2.1,WAAPA RD/RICE ST NAWILIWILI RD TO KAPULE HWY
58201,58,2.1,0.0,"NAWILIWILI RD, KAUMUALII HWY TO WAAPA RD"
58202,58,2.1,0.0,"NAWILIWILI RD, KAUMUALII HWY TO WAAPA RD"
58203,58,2.1,0.0,"NAWILIWILI RD, KAUMUALII HWY TO WAAPA RD"
58204,58,2.1,0.0,"NAWILIWILI RD, KAUMUALII HWY TO WAAPA RD"
58205,58,2.1,0.0,"NAWILIWILI RD, KAUMUALII HWY TO WAAPA RD"
58206,58,2.1,0.0,"NAWILIWILI RD, KAUMUALII HWY TO WAAPA RD"
58351,540,0.0,3.8,"HALEWILI RD, ELEELE(JCT) TO KALAHEO(JCT)"
58352,540,0.0,3.8,"HALEWILI RD, ELEELE(JCT) TO KALAHEO(JCT)"
58353,540,0.0,3.8,"HALEWILI RD, ELEELE(JCT) TO KALAHEO(JCT)"
58354,540,0.0,3.8,"HALEWILI RD, ELEELE(JCT) TO KALAHEO(JCT)"
58355,540,0.0,3.8,"HALEWILI RD, ELEELE(JCT) TO KALAHEO(JCT)"
58356,540,0.0,3.8,"HALEWILI RD, ELEELE(JCT) TO KALAHEO(JCT)"
58402,541,0.0,0.37,"WAIALO RD, KAUMUALII HWY(ELEELE) TO PT ALLEN"
58403,541,0.0,0.37,"WAIALO RD, KAUMUALII HWY(ELEELE) TO PT ALLEN"
58404,541,0.0,0.37,"WAIALO RD, KAUMUALII HWY(ELEELE) TO PT ALLEN"
58405,541,0.0,0.37,"WAIALO RD, KAUMUALII HWY(ELEELE) TO PT ALLEN"
58406,541,0.0,0.37,"WAIALO RD, KAUMUALII HWY(ELEELE) TO PT ALLEN"
58501,550,0.0,6.9,"WAIMEA CANYON DR, KAUMUALII HWY TO KOKEE RD"
58502,550,0.0,6.9,"WAIMEA CANYON DR, KAUMUALII HWY TO KOKEE RD"
58503,550,0.0,6.9,"WAIMEA CANYON DR, KAUMUALII HWY TO KOKEE RD"
58504,550,0.0,6.9,"WAIMEA CANYON DR, KAUMUALII HWY TO KOKEE RD"
58505,550,0.0,6.9,"WAIMEA CANYON DR, KAUMUALII HWY TO KOKEE RD"
58506,550,0.0,6.9,"WAIMEA CANYON DR, KAUMUALII HWY TO KOKEE RD"
58510,550,6.9,14.1,"KOKEE RD, WAIMEA CANYON DR TO HALEMANU"
58511,550,6.9,14.1,"KOKEE RD, WAIMEA CANYON DR TO HALEMANU"
58512,550,6.9,14.1,"KOKEE RD, WAIMEA CANYON DR TO HALEMANU"
58513,550,6.9,14.1,"KOKEE RD, WAIMEA CANYON DR TO HALEMANU"
58514,550,6.9,14.1,"KOKEE RD, WAIMEA CANYON DR TO HALEMANU"
58515,550,6.9,14.1,"KOKEE RD, WAIMEA CANYON DR TO HALEMANU"
58516,550,6.9,14.1,"KOKEE RD, WAIMEA CANYON DR TO HALEMANU"
58601,560,0.0,10.0,"KUHIO HWY, KA HAKU RD TO HAENA(END PVMT)"
58602,560,0.0,10.0,"KUHIO HWY, KA HAKU RD TO HAENA(END PVMT)"
58603,560,0.0,10.0,"KUHIO HWY, KA HAKU RD TO HAENA(END PVMT)"
58604,560,0.0,10.0,"KUHIO HWY, KA HAKU RD TO HAENA(END PVMT)"
58605,560,0.0,10.0,"KUHIO HWY, KA HAKU RD TO HAENA(END PVMT)"
58606,560,0.0,10.0,"KUHIO HWY, KA HAKU RD TO HAENA(END PVMT)"
58701,570,0.0,1.4,"AHUKINI RD,KUHIO HWY TO VIC KAPULE HWY(290'E)"
58702,570,0.0,1.4,"AHUKINI RD,KUHIO HWY TO VIC KAPULE HWY(290'E)"
58703,570,0.0,1.4,"AHUKINI RD,KUHIO HWY TO VIC KAPULE HWY(290'E)"
58704,570,0.0,1.4,"AHUKINI RD,KUHIO HWY TO VIC KAPULE HWY(290'E)"
58705,570,0.0,1.4,"AHUKINI RD,KUHIO HWY TO VIC KAPULE HWY(290'E)"
58706,570,0.0,1.4,"AHUKINI RD,KUHIO HWY TO VIC KAPULE HWY(290'E)"
58801,580,0.0,6.68,"KUAMOO RD, KUHIO HWY (WAILUA) TO END LOOP RD"
58802,580,0.0,6.68,"KUAMOO RD, KUHIO HWY (WAILUA) TO END LOOP RD"
58803,580,0.0,6.68,"KUAMOO RD, KUHIO HWY (WAILUA) TO END LOOP RD"
58804,580,0.0,6.68,"KUAMOO RD, KUHIO HWY (WAILUA) TO END LOOP RD"
58805,580,0.0,6.68,"KUAMOO RD, KUHIO HWY (WAILUA) TO END LOOP RD"
58806,580,0.0,6.68,"KUAMOO RD, KUHIO HWY (WAILUA) TO END LOOP RD"
58901,583,0.0,3.91,"MAALO RD, KUHIO HWY(LIHUE) TO WAILUA FALLS"
58902,583,0.0,3.91,"MAALO RD, KUHIO HWY(LIHUE) TO WAILUA FALLS"
58903,583,0.0,3.91,"MAALO RD, KUHIO HWY(LIHUE) TO WAILUA FALLS"
58904,583,0.0,3.91,"MAALO RD, KUHIO HWY(LIHUE) TO WAILUA FALLS"
58905,583,0.0,3.91,"MAALO RD, KUHIO HWY(LIHUE) TO WAILUA FALLS"
58906,583,0.0,3.91,"MAALO RD, KUHIO HWY(LIHUE) TO WAILUA FALLS"
58191,5600,0.0,3.0,KAPAA BY-PASS ROAD
58192,5600,0.0,3.0,KAPAA BY-PASS ROAD
58193,5600,0.0,3.0,KAPAA BY-PASS ROAD
58194,5600,0.0,3.0,KAPAA BY-PASS ROAD
58195,5600,0.0,3.0,KAPAA BY-PASS ROAD
58196,5600,0.0,3.0,KAPAA BY-PASS ROAD
